{"stats":{"minecraft:mined":{"minecraft:glow_lichen":1,"minecraft:grass_block":3,"modern_industrialization:lignite_coal_ore":5,"minecraft:red_mushroom":3,"minecraft:spawner":1,"minecraft:large_fern":1,"minecraft:hay_block":1,"minecraft:furnace":2,"minecraft:andesite":1,"treechop:chopped_log":6,"twigs:bronzed_seashell":2,"minecraft:stone":27,"regions_unexplored:silt_grass_block":1,"twigs:opaline_seashell":1,"twigs:pebble":2,"minecraft:brown_mushroom":3,"regions_unexplored:silver_birch_leaf_pile":1,"minecraft:crafting_table":1,"regions_unexplored:silt_dirt":2,"minecraft:mushroom_stem":1,"minecraft:diorite":1,"frostiful:icicle":2,"techreborn:tin_ore":4,"minecraft:grass":2,"minecraft:coal_ore":3,"minecraft:dirt":1,"minecraft:red_mushroom_block":20,"minecraft:oak_leaves":1},"minecraft:crafted":{"minecraft:birch_boat":2,"minecraft:furnace":2,"minecraft:stone":14,"fishofthieves:cooked_islehopper":1,"minecraft:spruce_slab":6,"minecraft:stone_pickaxe":1,"minecraft:cooked_cod":3,"minecraft:wooden_shovel":1,"minecraft:crafting_table":3,"minecraft:spruce_planks":40,"minecraft:wooden_pickaxe":1,"fishofthieves:cooked_pondie":6,"minecraft:birch_planks":48,"minecraft:stone_axe":1,"minecraft:air":0,"justhammers:stone_hammer":2,"minecraft:shield":1,"minecraft:stick":38,"minecraft:iron_ingot":8,"minecraft:torch":40,"techreborn:rubber_planks":116},"minecraft:killed":{"minecraft:cave_spider":1,"graveyard:revenant":1,"fishofthieves:pondie":3,"fishofthieves:islehopper":1,"minecraft:cod":3,"creeperoverhaul:snowy_creeper":1,"fishofthieves:wildsplash":2,"minecraft:salmon":1,"minecraft:squid":1,"minecraft:player":1,"minecraft:cow":1},"minecraft:killed_by":{"minecraft:player":1,"minecraft:piglin_brute":1,"minecraft:cave_spider":1,"minecraft:skeleton":1,"minecraft:zombie":1,"graveyard:revenant":1},"minecraft:picked_up":{"techreborn:raw_tin":6,"modern_industrialization:lignite_coal":13,"minecraft:crafting_table":1,"minecraft:brown_mushroom":1,"croptopia:calamari":1,"promenade:blunite":34,"minecraft:raw_copper":4,"minecraft:beetroot":1,"twigs:opaline_seashell":1,"twigs:pebble":2,"minecraft:beef":1,"techreborn:rubber_log":29,"minecraft:furnace":2,"minecraft:raw_iron":20,"minecraft:torch":10,"minecraft:diorite":43,"minecraft:beetroot_seeds":4,"icarus:purple_dragon_wings":1,"minecraft:hay_block":1,"minecraft:cod":3,"minecraft:cobblestone":435,"indrev:copper_helmet":1,"modern_industrialization:raw_antimony":5,"indrev:copper_leggings":1,"indrev:copper_chestplate":1,"minecraft:andesite":46,"minecraft:salmon":1,"minecraft:leather":2,"minecraft:red_mushroom":8,"minecraft:lapis_lazuli":16,"minecraft:dirt":2,"fishofthieves:wildsplash":1,"minecraft:bone":4,"minecraft:stone_pickaxe":1,"twigs:twig":4,"croptopia:roe":7,"regions_unexplored:silver_birch_sapling":3,"fishofthieves:islehopper":1,"fishofthieves:pondie":7,"twigs:bronzed_seashell":3,"bewitchment:salt":13,"minecraft:spruce_sapling":1,"minecraft:ink_sac":3,"minecraft:spruce_log":10,"indrev:copper_boots":1,"techreborn:rubber_sapling":15,"regions_unexplored:silver_birch_log":13,"minecraft:granite":43,"minecraft:bone_meal":2,"minecraft:coal":24},"minecraft:dropped":{"minecraft:lapis_lazuli":16,"minecraft:cobblestone":62,"regions_unexplored:silver_birch_sapling":1,"minecraft:granite":42,"techreborn:rubber_sapling":15,"indrev:copper_boots":1,"paladins:golden_mace":1,"minecraft:diorite":43,"techreborn:raw_tin":6,"minecraft:ink_sac":3,"minecraft:torch":6,"twigs:bronzed_seashell":1,"beachparty:rubber_ring_pelican":1,"fishofthieves:wildsplash":1,"croptopia:calamari":1,"twigs:opaline_seashell":1,"twigs:twig":4,"minecraft:spruce_sapling":1,"minecraft:bone":6,"bewitchment:salt":13,"minecraft:stone_sword":1,"minecraft:raw_copper":4,"minecraft:salmon":1,"regions_unexplored:silver_birch_log":1,"icarus:purple_dragon_wings":1,"justhammers:stone_hammer":2,"minecraft:shield":1,"minecraft:andesite":4,"minecraft:wooden_shovel":1,"techreborn:electronic_circuit":2,"croptopia:roe":4,"modern_industrialization:lignite_coal":5,"modern_industrialization:raw_antimony":5,"minecraft:birch_boat":1,"minecraft:bow":1,"minecraft:stone_pickaxe":1,"minecraft:beef":1,"minecraft:wooden_pickaxe":1,"archers:archer_armor_head":1},"minecraft:custom":{"lootr:looted_stat":2,"minecraft:mob_kills":15,"minecraft:interact_with_crafting_table":17,"minecraft:leave_game":12,"minecraft:time_since_death":2044,"minecraft:climb_one_cm":152,"minecraft:damage_resisted":0,"minecraft:sprint_one_cm":106927,"minecraft:walk_one_cm":147148,"minecraft:damage_blocked_by_shield":308,"minecraft:drop":50,"minecraft:play_time":112018,"minecraft:deaths":10,"minecraft:sneak_time":3260,"minecraft:walk_under_water_one_cm":16704,"minecraft:boat_one_cm":46227,"minecraft:jump":1638,"minecraft:walk_on_water_one_cm":26253,"minecraft:total_world_time":112018,"minecraft:interact_with_furnace":29,"minecraft:hex":0,"minecraft:time_since_rest":2076,"minecraft:damage_taken":3761,"minecraft:damage_dealt":1505,"minecraft:swim_one_cm":39058,"minecraft:fly_one_cm":271561,"minecraft:player_kills":1,"minecraft:crouch_one_cm":4335,"minecraft:aviate_one_cm":38984,"minecraft:threat":5,"minecraft:fall_one_cm":36821},"minecraft:used":{"minecraft:stone_sword":12,"minecraft:spruce_slab":1,"minecraft:spruce_planks":2,"minecraft:shield":7,"spellbladenext:crystal_cutlass":21,"minecraft:torch":10,"minecraft:dirt":2,"minecraft:furnace":3,"fishofthieves:cooked_islehopper":1,"minecraft:water_bucket":1,"minecraft:stone_pickaxe":25,"minecraft:wooden_pickaxe":21,"minecraft:birch_boat":1,"minecraft:crafting_table":4,"minecraft:bread":12,"justhammers:stone_hammer":80,"minecraft:stone_axe":45,"twigs:bronzed_seashell":2,"minecraft:cobblestone":33,"minecraft:andesite":16,"minecraft:bucket":2,"twigs:pebble":2}},"DataVersion":3465}