{"stats":{"minecraft:mined":{"twigs:pebble":2,"regions_unexplored:silver_birch_leaf_pile":1,"minecraft:glow_lichen":1,"minecraft:grass_block":1,"regions_unexplored:silt_dirt":2,"modern_industrialization:lignite_coal_ore":5,"minecraft:diorite":1,"frostiful:icicle":2,"techreborn:tin_ore":4,"minecraft:spawner":1,"minecraft:large_fern":1,"minecraft:andesite":1,"treechop:chopped_log":5,"minecraft:coal_ore":3,"minecraft:stone":27,"regions_unexplored:silt_grass_block":1},"minecraft:crafted":{"minecraft:crafting_table":3,"minecraft:spruce_planks":40,"minecraft:wooden_pickaxe":1,"minecraft:furnace":1,"minecraft:stone":14,"minecraft:stone_axe":1,"minecraft:air":0,"justhammers:stone_hammer":2,"minecraft:spruce_slab":6,"minecraft:stick":26,"minecraft:iron_ingot":2,"minecraft:stone_pickaxe":1,"minecraft:torch":40,"techreborn:rubber_planks":116},"minecraft:killed":{"minecraft:cave_spider":1,"minecraft:squid":1,"creeperoverhaul:snowy_creeper":1,"minecraft:cow":1},"minecraft:killed_by":{"minecraft:cave_spider":1},"minecraft:picked_up":{"indrev:copper_helmet":1,"techreborn:raw_tin":6,"modern_industrialization:lignite_coal":13,"indrev:copper_leggings":1,"modern_industrialization:raw_antimony":5,"indrev:copper_chestplate":1,"minecraft:andesite":46,"minecraft:leather":2,"croptopia:calamari":1,"promenade:blunite":34,"minecraft:lapis_lazuli":16,"minecraft:raw_copper":4,"minecraft:bone":1,"twigs:pebble":2,"minecraft:beef":1,"minecraft:stone_pickaxe":1,"techreborn:rubber_log":29,"twigs:twig":3,"regions_unexplored:silver_birch_sapling":1,"minecraft:raw_iron":14,"minecraft:torch":10,"bewitchment:salt":13,"minecraft:ink_sac":3,"minecraft:spruce_sapling":1,"minecraft:spruce_log":10,"minecraft:diorite":43,"indrev:copper_boots":1,"techreborn:rubber_sapling":13,"regions_unexplored:silver_birch_log":1,"minecraft:granite":42,"minecraft:coal":15,"minecraft:cobblestone":435},"minecraft:dropped":{"minecraft:stone_sword":1,"regions_unexplored:silver_birch_sapling":1,"indrev:copper_boots":1,"regions_unexplored:silver_birch_log":1,"paladins:golden_mace":1,"justhammers:stone_hammer":2,"minecraft:shield":1,"minecraft:ink_sac":3,"minecraft:torch":6,"beachparty:rubber_ring_pelican":1,"minecraft:bow":1,"minecraft:stone_pickaxe":1,"croptopia:calamari":1,"archers:archer_armor_head":1,"twigs:twig":3,"minecraft:spruce_sapling":1},"minecraft:custom":{"lootr:looted_stat":2,"minecraft:interact_with_furnace":16,"minecraft:mob_kills":4,"minecraft:interact_with_crafting_table":12,"minecraft:time_since_death":20339,"minecraft:damage_resisted":0,"minecraft:hex":0,"minecraft:time_since_rest":20371,"minecraft:sprint_one_cm":68393,"minecraft:damage_taken":952,"minecraft:walk_one_cm":97668,"minecraft:damage_blocked_by_shield":218,"minecraft:drop":21,"minecraft:damage_dealt":700,"minecraft:swim_one_cm":10139,"minecraft:fly_one_cm":169076,"minecraft:crouch_one_cm":1730,"minecraft:play_time":48968,"minecraft:deaths":1,"minecraft:sneak_time":765,"minecraft:walk_under_water_one_cm":4259,"minecraft:jump":740,"minecraft:walk_on_water_one_cm":12859,"minecraft:threat":1,"minecraft:total_world_time":48968,"minecraft:fall_one_cm":14178},"minecraft:used":{"minecraft:stone_sword":12,"minecraft:spruce_slab":1,"minecraft:stone_pickaxe":23,"minecraft:wooden_pickaxe":19,"minecraft:spruce_planks":2,"minecraft:shield":5,"spellbladenext:crystal_cutlass":2,"minecraft:torch":9,"minecraft:crafting_table":3,"minecraft:bread":12,"justhammers:stone_hammer":80,"minecraft:stone_axe":33,"minecraft:cobblestone":25,"minecraft:furnace":1,"minecraft:andesite":16,"twigs:pebble":2}},"DataVersion":3465}