{"stats":{"minecraft:mined":{"twigs:pebble":2,"regions_unexplored:silver_birch_leaf_pile":1,"minecraft:crafting_table":1,"minecraft:glow_lichen":1,"minecraft:grass_block":3,"regions_unexplored:silt_dirt":2,"modern_industrialization:lignite_coal_ore":5,"minecraft:diorite":1,"frostiful:icicle":2,"minecraft:spawner":1,"techreborn:tin_ore":4,"minecraft:large_fern":1,"minecraft:furnace":1,"minecraft:andesite":1,"treechop:chopped_log":5,"twigs:bronzed_seashell":2,"minecraft:grass":2,"minecraft:coal_ore":3,"minecraft:dirt":1,"minecraft:stone":27,"regions_unexplored:silt_grass_block":1,"twigs:opaline_seashell":1},"minecraft:crafted":{"minecraft:crafting_table":3,"minecraft:spruce_planks":40,"minecraft:wooden_pickaxe":1,"minecraft:furnace":2,"minecraft:stone":14,"fishofthieves:cooked_islehopper":1,"minecraft:stone_axe":1,"minecraft:air":0,"minecraft:shield":1,"justhammers:stone_hammer":2,"minecraft:spruce_slab":6,"minecraft:stick":38,"minecraft:iron_ingot":8,"minecraft:stone_pickaxe":1,"minecraft:torch":40,"techreborn:rubber_planks":116},"minecraft:killed":{"minecraft:cave_spider":1,"minecraft:salmon":1,"graveyard:revenant":1,"fishofthieves:pondie":3,"fishofthieves:islehopper":1,"minecraft:cod":3,"minecraft:squid":1,"creeperoverhaul:snowy_creeper":1,"fishofthieves:wildsplash":2,"minecraft:player":1,"minecraft:cow":1},"minecraft:killed_by":{"minecraft:player":1,"minecraft:cave_spider":1,"graveyard:revenant":1},"minecraft:picked_up":{"indrev:copper_helmet":1,"techreborn:raw_tin":6,"minecraft:crafting_table":1,"modern_industrialization:lignite_coal":13,"indrev:copper_leggings":1,"modern_industrialization:raw_antimony":5,"minecraft:salmon":1,"indrev:copper_chestplate":1,"minecraft:andesite":46,"minecraft:leather":2,"croptopia:calamari":1,"promenade:blunite":34,"minecraft:lapis_lazuli":16,"fishofthieves:wildsplash":1,"minecraft:dirt":2,"minecraft:raw_copper":4,"twigs:opaline_seashell":1,"minecraft:bone":4,"twigs:pebble":2,"minecraft:beef":1,"minecraft:stone_pickaxe":1,"techreborn:rubber_log":29,"croptopia:roe":4,"twigs:twig":3,"minecraft:furnace":1,"regions_unexplored:silver_birch_sapling":1,"minecraft:raw_iron":20,"fishofthieves:islehopper":1,"minecraft:torch":10,"fishofthieves:pondie":7,"twigs:bronzed_seashell":3,"bewitchment:salt":13,"indrev:copper_boots":1,"minecraft:spruce_sapling":1,"minecraft:ink_sac":3,"minecraft:diorite":43,"minecraft:spruce_log":10,"techreborn:rubber_sapling":15,"icarus:purple_dragon_wings":1,"regions_unexplored:silver_birch_log":1,"minecraft:granite":43,"minecraft:bone_meal":2,"minecraft:cod":3,"minecraft:coal":24,"minecraft:cobblestone":435},"minecraft:dropped":{"minecraft:lapis_lazuli":16,"bewitchment:salt":13,"minecraft:stone_sword":1,"minecraft:raw_copper":4,"minecraft:cobblestone":62,"regions_unexplored:silver_birch_sapling":1,"minecraft:granite":42,"techreborn:rubber_sapling":15,"indrev:copper_boots":1,"regions_unexplored:silver_birch_log":1,"icarus:purple_dragon_wings":1,"paladins:golden_mace":1,"justhammers:stone_hammer":2,"minecraft:shield":1,"minecraft:diorite":43,"techreborn:raw_tin":6,"minecraft:ink_sac":3,"minecraft:torch":6,"twigs:bronzed_seashell":1,"minecraft:andesite":4,"beachparty:rubber_ring_pelican":1,"croptopia:roe":1,"techreborn:electronic_circuit":2,"modern_industrialization:lignite_coal":5,"modern_industrialization:raw_antimony":5,"minecraft:wooden_pickaxe":1,"minecraft:bow":1,"minecraft:beef":1,"minecraft:stone_pickaxe":1,"fishofthieves:wildsplash":1,"croptopia:calamari":1,"archers:archer_armor_head":1,"twigs:opaline_seashell":1,"twigs:twig":3,"minecraft:spruce_sapling":1,"minecraft:bone":6},"minecraft:custom":{"minecraft:interact_with_furnace":23,"lootr:looted_stat":2,"minecraft:mob_kills":15,"minecraft:interact_with_crafting_table":15,"minecraft:leave_game":11,"minecraft:time_since_death":2978,"minecraft:hex":0,"minecraft:damage_resisted":0,"minecraft:time_since_rest":3034,"minecraft:sprint_one_cm":90823,"minecraft:damage_taken":2179,"minecraft:walk_one_cm":126521,"minecraft:damage_blocked_by_shield":308,"minecraft:drop":45,"minecraft:damage_dealt":1468,"minecraft:swim_one_cm":37952,"minecraft:player_kills":1,"minecraft:fly_one_cm":235373,"minecraft:crouch_one_cm":2150,"minecraft:play_time":91782,"minecraft:deaths":6,"minecraft:sneak_time":2393,"minecraft:walk_under_water_one_cm":16117,"minecraft:aviate_one_cm":38984,"minecraft:jump":985,"minecraft:walk_on_water_one_cm":23065,"minecraft:threat":5,"minecraft:total_world_time":91782,"minecraft:fall_one_cm":23407},"minecraft:used":{"minecraft:water_bucket":1,"minecraft:stone_sword":12,"minecraft:spruce_slab":1,"minecraft:stone_pickaxe":24,"minecraft:wooden_pickaxe":21,"minecraft:spruce_planks":2,"minecraft:shield":7,"spellbladenext:crystal_cutlass":20,"minecraft:torch":10,"minecraft:dirt":2,"minecraft:crafting_table":3,"minecraft:bread":12,"justhammers:stone_hammer":80,"minecraft:stone_axe":34,"twigs:bronzed_seashell":2,"minecraft:cobblestone":25,"fishofthieves:cooked_islehopper":1,"minecraft:furnace":3,"minecraft:bucket":2,"minecraft:andesite":16,"twigs:pebble":2}},"DataVersion":3465}