{"stats":{"minecraft:mined":{"minecraft:large_fern":1,"twigs:pebble":2,"treechop:chopped_log":1,"minecraft:glow_lichen":1,"minecraft:grass_block":1,"minecraft:stone":23,"minecraft:diorite":1,"frostiful:icicle":2,"techreborn:tin_ore":4},"minecraft:crafted":{"justhammers:stone_hammer":2,"minecraft:crafting_table":1,"minecraft:spruce_planks":40,"minecraft:stick":12,"minecraft:iron_ingot":2,"minecraft:wooden_pickaxe":1,"minecraft:stone_pickaxe":1,"minecraft:furnace":1,"minecraft:stone":14,"minecraft:torch":8,"minecraft:air":0},"minecraft:killed":{"creeperoverhaul:snowy_creeper":1,"minecraft:cow":1},"minecraft:picked_up":{"techreborn:raw_tin":6,"minecraft:raw_iron":2,"minecraft:andesite":35,"minecraft:leather":2,"minecraft:torch":1,"bewitchment:salt":13,"minecraft:spruce_sapling":1,"minecraft:diorite":41,"promenade:blunite":34,"minecraft:spruce_log":10,"minecraft:lapis_lazuli":16,"minecraft:raw_copper":3,"minecraft:bone":1,"twigs:pebble":2,"minecraft:beef":1,"minecraft:granite":42,"minecraft:coal":6,"minecraft:cobblestone":372},"minecraft:dropped":{"justhammers:stone_hammer":1,"minecraft:spruce_sapling":1},"minecraft:custom":{"minecraft:time_since_rest":24968,"minecraft:interact_with_furnace":14,"minecraft:sprint_one_cm":29593,"minecraft:damage_taken":260,"minecraft:walk_one_cm":42794,"minecraft:damage_blocked_by_shield":158,"minecraft:mob_kills":2,"minecraft:drop":2,"minecraft:damage_dealt":358,"minecraft:interact_with_crafting_table":9,"minecraft:fly_one_cm":82185,"minecraft:crouch_one_cm":776,"minecraft:play_time":24968,"minecraft:sneak_time":210,"minecraft:jump":323,"minecraft:time_since_death":24968,"minecraft:walk_on_water_one_cm":2545,"minecraft:total_world_time":24968,"minecraft:hex":0,"minecraft:fall_one_cm":4932},"minecraft:used":{"minecraft:stone_sword":8,"minecraft:bread":4,"minecraft:stone_pickaxe":10,"minecraft:spruce_planks":2,"minecraft:shield":3,"minecraft:wooden_pickaxe":19,"justhammers:stone_hammer":65,"minecraft:torch":1,"minecraft:cobblestone":9,"minecraft:crafting_table":1,"minecraft:furnace":1,"twigs:pebble":2}},"DataVersion":3465}