{"stats":{"minecraft:mined":{"minecraft:large_fern":1,"twigs:pebble":2,"minecraft:andesite":1,"treechop:chopped_log":1,"minecraft:glow_lichen":1,"minecraft:grass_block":1,"modern_industrialization:lignite_coal_ore":5,"minecraft:stone":24,"minecraft:diorite":1,"frostiful:icicle":2,"techreborn:tin_ore":4},"minecraft:crafted":{"minecraft:spruce_slab":6,"justhammers:stone_hammer":2,"minecraft:crafting_table":2,"minecraft:spruce_planks":40,"minecraft:stick":12,"minecraft:iron_ingot":2,"minecraft:wooden_pickaxe":1,"minecraft:stone_pickaxe":1,"minecraft:furnace":1,"minecraft:stone":14,"minecraft:torch":8,"minecraft:air":0},"minecraft:killed":{"creeperoverhaul:snowy_creeper":1,"minecraft:cow":1},"minecraft:killed_by":{"minecraft:cave_spider":1},"minecraft:picked_up":{"techreborn:raw_tin":6,"indrev:copper_leggings":1,"modern_industrialization:raw_antimony":5,"modern_industrialization:lignite_coal":13,"minecraft:raw_iron":14,"indrev:copper_chestplate":1,"minecraft:andesite":42,"minecraft:leather":2,"minecraft:torch":7,"indrev:copper_boots":1,"bewitchment:salt":13,"minecraft:spruce_sapling":1,"minecraft:diorite":43,"promenade:blunite":34,"minecraft:spruce_log":10,"minecraft:lapis_lazuli":16,"minecraft:raw_copper":3,"minecraft:bone":1,"twigs:pebble":2,"minecraft:beef":1,"minecraft:granite":42,"minecraft:coal":15,"indrev:copper_helmet":1,"minecraft:cobblestone":430},"minecraft:dropped":{"justhammers:stone_hammer":2,"minecraft:torch":6,"minecraft:spruce_sapling":1},"minecraft:custom":{"minecraft:time_since_rest":8371,"minecraft:interact_with_furnace":16,"minecraft:sprint_one_cm":56643,"minecraft:damage_taken":622,"minecraft:walk_one_cm":77403,"minecraft:damage_blocked_by_shield":158,"minecraft:mob_kills":2,"minecraft:drop":4,"minecraft:damage_dealt":418,"minecraft:swim_one_cm":3263,"minecraft:interact_with_crafting_table":11,"minecraft:fly_one_cm":138220,"minecraft:crouch_one_cm":1708,"minecraft:play_time":36968,"minecraft:deaths":1,"minecraft:sneak_time":565,"minecraft:walk_under_water_one_cm":1466,"minecraft:jump":577,"minecraft:time_since_death":8339,"minecraft:walk_on_water_one_cm":5418,"minecraft:total_world_time":36968,"minecraft:hex":0,"minecraft:fall_one_cm":11707},"minecraft:used":{"minecraft:stone_sword":9,"minecraft:spruce_slab":1,"minecraft:bread":6,"minecraft:stone_pickaxe":16,"minecraft:spruce_planks":2,"minecraft:shield":3,"minecraft:wooden_pickaxe":19,"justhammers:stone_hammer":80,"minecraft:torch":4,"minecraft:cobblestone":17,"minecraft:crafting_table":2,"minecraft:furnace":1,"minecraft:andesite":16,"twigs:pebble":2}},"DataVersion":3465}