{"stats":{"minecraft:mined":{"minecraft:large_fern":1,"minecraft:grass_block":1,"twigs:pebble":2,"minecraft:stone":6,"treechop:chopped_log":1,"minecraft:glow_lichen":1},"minecraft:crafted":{"minecraft:crafting_table":1,"minecraft:spruce_planks":40,"minecraft:stick":12,"minecraft:wooden_pickaxe":1},"minecraft:killed":{"creeperoverhaul:snowy_creeper":1,"minecraft:cow":1},"minecraft:picked_up":{"minecraft:bone":1,"minecraft:leather":2,"twigs:pebble":2,"minecraft:beef":1,"minecraft:spruce_sapling":1,"minecraft:spruce_log":10,"minecraft:cobblestone":6},"minecraft:dropped":{"minecraft:spruce_sapling":1},"minecraft:custom":{"minecraft:time_since_rest":12968,"minecraft:crouch_one_cm":396,"minecraft:play_time":12968,"minecraft:sprint_one_cm":25846,"minecraft:damage_taken":240,"minecraft:walk_one_cm":22433,"minecraft:damage_blocked_by_shield":158,"minecraft:sneak_time":88,"minecraft:mob_kills":2,"minecraft:drop":1,"minecraft:jump":239,"minecraft:damage_dealt":344,"minecraft:walk_on_water_one_cm":2044,"minecraft:time_since_death":12968,"minecraft:total_world_time":12968,"minecraft:hex":0,"minecraft:interact_with_crafting_table":2,"minecraft:fall_one_cm":3548,"minecraft:fly_one_cm":77227},"minecraft:used":{"minecraft:stone_sword":8,"minecraft:crafting_table":1,"minecraft:bread":4,"minecraft:wooden_pickaxe":6,"minecraft:shield":3,"twigs:pebble":1}},"DataVersion":3465}