{"stats":{"minecraft:mined":{"regions_unexplored:orange_coneflower":1,"techreborn:sapphire_ore":5,"create:zinc_ore":8,"twigs:pebble":1,"promenade:blunite":1,"minecraft:crafting_table":2,"minecraft:glow_lichen":1,"minecraft:granite":1,"minecraft:grass_block":3,"twigs:roseate_seashell":3,"twigs:twig":1,"modern_industrialization:lignite_coal_ore":1,"minecraft:copper_ore":20,"minecraft:cobblestone":1,"techreborn:bauxite_ore":2,"minecraft:lapis_ore":1,"frostiful:icicle":2,"minecraft:wall_torch":3,"techreborn:tin_ore":5,"techreborn:silver_ore":5,"twigs:tangerine_seashell":2,"techreborn:lead_ore":28,"modern_industrialization:antimony_ore":1,"minecraft:ice":1,"minecraft:spruce_log":2,"treechop:chopped_log":1,"twigs:bronzed_seashell":2,"minecraft:coal_ore":13,"techreborn:galena_ore":6,"bewitchment:salt_ore":2,"minecraft:sand":2,"regions_unexplored:medium_grass":1,"minecraft:stone":28,"twigs:opaline_seashell":1,"soulsweapons:verglas_ore":1},"minecraft:crafted":{"minecraft:crafting_table":1,"indrev:copper_chestplate":2,"minecraft:spruce_planks":28,"minecraft:wooden_pickaxe":1,"indrev:copper_pickaxe":1,"minecraft:furnace":1,"indrev:copper_leggings":2,"minecraft:copper_ingot":54,"minecraft:air":0,"minecraft:glass":1,"techreborn:peridot_sword":1,"minecraft:stick":16,"indrev:copper_boots":2,"minecraft:stone_pickaxe":1,"indrev:copper_sword":1,"minecraft:torch":12,"indrev:copper_helmet":2},"minecraft:killed":{"graveyard:ghoul":2,"graveyard:revenant":2,"minecraft:spider":1,"mythicmobs:drake":1,"bewitchment:ghost":1,"creeperoverhaul:snowy_creeper":1,"minecraft:skeleton":1,"minecraft:zombie":1,"minecraft:chicken":2,"minecraft:player":1},"minecraft:killed_by":{"minecraft:player":1,"graveyard:ghoul":1},"minecraft:picked_up":{"techreborn:raw_tin":5,"minecraft:crafting_table":2,"modern_industrialization:lignite_coal":1,"modern_industrialization:raw_antimony":1,"minecraft:chicken":2,"twigs:roseate_seashell":3,"croptopia:calamari":1,"create:raw_zinc":8,"promenade:blunite":1,"minecraft:lapis_lazuli":9,"minecraft:string":1,"minecraft:dirt":3,"minecraft:raw_copper":74,"twigs:opaline_seashell":2,"minecraft:glass":1,"minecraft:bone":3,"techreborn:galena_ore":6,"graveyard:corruption":2,"techreborn:raw_silver":5,"minecraft:wheat_seeds":1,"twigs:pebble":1,"minecraft:spruce_planks":17,"minecraft:stone_pickaxe":1,"twigs:twig":5,"minecraft:stick":10,"minecraft:torch":15,"techreborn:raw_lead":28,"twigs:bronzed_seashell":2,"minecraft:sand":1,"bewitchment:salt":3,"justhammers:stone_hammer":1,"minecraft:spruce_sapling":2,"minecraft:spruce_log":7,"techreborn:sapphire_gem":8,"techreborn:rubber_sapling":2,"minecraft:spider_eye":1,"techreborn:bauxite_ore":2,"techreborn:peridot_gem":3,"beachparty:rubber_ring_pelican":1,"minecraft:rotten_flesh":1,"indrev:copper_pickaxe":2,"icarus:purple_dragon_wings":1,"minecraft:granite":3,"techreborn:electronic_circuit":2,"soulsweapons:verglas":1,"paladins:golden_mace":1,"bewitchment:ectoplasm":2,"twigs:tangerine_seashell":2,"minecraft:coal":13,"minecraft:white_wool":1,"minecraft:cobblestone":31},"minecraft:custom":{"minecraft:interact_with_furnace":27,"minecraft:mob_kills":12,"minecraft:interact_with_crafting_table":23,"minecraft:interact_with_grindstone":1,"minecraft:leave_game":4,"minecraft:time_since_death":6416,"minecraft:hex":0,"minecraft:damage_resisted":0,"minecraft:time_since_rest":6445,"minecraft:sprint_one_cm":103437,"minecraft:damage_taken":1552,"minecraft:walk_one_cm":175828,"minecraft:drop":40,"minecraft:damage_dealt":2683,"minecraft:swim_one_cm":15703,"minecraft:fly_one_cm":198274,"minecraft:player_kills":1,"minecraft:crouch_one_cm":1108,"minecraft:play_time":112838,"minecraft:deaths":3,"minecraft:sneak_time":602,"minecraft:walk_under_water_one_cm":11579,"minecraft:aviate_one_cm":182327,"minecraft:jump":952,"minecraft:walk_on_water_one_cm":22178,"minecraft:total_world_time":112838,"minecraft:fall_one_cm":20413},"minecraft:dropped":{"indrev:copper_leggings":1,"indrev:copper_chestplate":1,"minecraft:wheat_seeds":1,"bewitchment:salt":3,"twigs:roseate_seashell":1,"minecraft:granite":3,"techreborn:bauxite_ore":2,"indrev:copper_pickaxe":2,"minecraft:copper_ingot":1,"techreborn:rubber_sapling":2,"indrev:copper_boots":1,"graveyard:corruption":1,"icarus:purple_dragon_wings":1,"twigs:pebble":1,"justhammers:stone_hammer":1,"minecraft:dirt":3,"minecraft:torch":12,"indrev:copper_helmet":1,"promenade:blunite":1,"bewitchment:ectoplasm":2,"modern_industrialization:lignite_coal":1,"minecraft:glass":2,"minecraft:stone_pickaxe":1,"twigs:opaline_seashell":1,"minecraft:string":1,"twigs:twig":4,"minecraft:spruce_sapling":2,"minecraft:bone":3},"minecraft:used":{"minecraft:stone_sword":11,"minecraft:stone_pickaxe":52,"croptopia:calamari":1,"minecraft:spruce_planks":7,"minecraft:wooden_pickaxe":8,"minecraft:rotten_flesh":1,"minecraft:torch":8,"minecraft:crafting_table":3,"indrev:copper_sword":46,"minecraft:spider_eye":1,"techreborn:peridot_sword":32,"paladins:golden_mace":1,"minecraft:bread":12,"indrev:copper_pickaxe":77,"twigs:tangerine_seashell":1,"twigs:bronzed_seashell":5,"minecraft:cobblestone":4,"twigs:opaline_seashell":1,"minecraft:furnace":1}},"DataVersion":3465}