{"stats":{"minecraft:mined":{"create:zinc_ore":8,"techreborn:sapphire_ore":3,"twigs:pebble":1,"promenade:blunite":1,"minecraft:crafting_table":2,"minecraft:glow_lichen":1,"twigs:roseate_seashell":1,"modern_industrialization:lignite_coal_ore":1,"minecraft:copper_ore":20,"minecraft:cobblestone":1,"techreborn:bauxite_ore":2,"minecraft:lapis_ore":1,"frostiful:icicle":2,"minecraft:wall_torch":3,"techreborn:tin_ore":5,"techreborn:silver_ore":5,"techreborn:lead_ore":23,"modern_industrialization:antimony_ore":1,"minecraft:spruce_log":2,"treechop:chopped_log":1,"minecraft:coal_ore":13,"techreborn:galena_ore":3,"bewitchment:salt_ore":2,"minecraft:sand":1,"minecraft:stone":28,"soulsweapons:verglas_ore":1},"minecraft:crafted":{"minecraft:crafting_table":1,"indrev:copper_chestplate":2,"minecraft:spruce_planks":28,"minecraft:wooden_pickaxe":1,"indrev:copper_pickaxe":1,"minecraft:furnace":1,"indrev:copper_leggings":2,"minecraft:copper_ingot":54,"minecraft:air":0,"minecraft:glass":1,"minecraft:stick":16,"indrev:copper_boots":2,"minecraft:stone_pickaxe":1,"indrev:copper_sword":1,"minecraft:torch":12,"indrev:copper_helmet":2},"minecraft:killed":{"creeperoverhaul:snowy_creeper":1,"minecraft:skeleton":1},"minecraft:picked_up":{"techreborn:raw_tin":5,"modern_industrialization:lignite_coal":1,"minecraft:crafting_table":2,"modern_industrialization:raw_antimony":1,"twigs:roseate_seashell":1,"create:raw_zinc":8,"promenade:blunite":1,"minecraft:lapis_lazuli":9,"minecraft:raw_copper":74,"techreborn:galena_ore":3,"techreborn:raw_silver":5,"twigs:pebble":1,"minecraft:spruce_planks":17,"minecraft:stone_pickaxe":1,"twigs:twig":2,"minecraft:stick":10,"minecraft:torch":14,"techreborn:raw_lead":23,"minecraft:sand":1,"bewitchment:salt":3,"justhammers:stone_hammer":1,"minecraft:spruce_sapling":2,"minecraft:spruce_log":7,"techreborn:sapphire_gem":4,"techreborn:bauxite_ore":2,"techreborn:peridot_gem":2,"soulsweapons:verglas":1,"minecraft:coal":13,"minecraft:white_wool":1,"minecraft:cobblestone":31},"minecraft:custom":{"minecraft:interact_with_furnace":26,"minecraft:mob_kills":2,"minecraft:interact_with_crafting_table":22,"minecraft:time_since_death":37233,"minecraft:hex":0,"minecraft:time_since_rest":37233,"minecraft:sprint_one_cm":27448,"minecraft:damage_taken":254,"minecraft:walk_one_cm":53231,"minecraft:drop":8,"minecraft:damage_dealt":363,"minecraft:swim_one_cm":5254,"minecraft:fly_one_cm":56489,"minecraft:crouch_one_cm":801,"minecraft:play_time":37233,"minecraft:sneak_time":399,"minecraft:walk_under_water_one_cm":3941,"minecraft:jump":277,"minecraft:walk_on_water_one_cm":10962,"minecraft:total_world_time":37233,"minecraft:fall_one_cm":5720},"minecraft:dropped":{"indrev:copper_leggings":1,"indrev:copper_chestplate":1,"indrev:copper_boots":1,"justhammers:stone_hammer":1,"minecraft:torch":12,"indrev:copper_helmet":1,"minecraft:stone_pickaxe":1},"minecraft:used":{"minecraft:stone_sword":11,"minecraft:stone_pickaxe":52,"minecraft:spruce_planks":7,"minecraft:wooden_pickaxe":8,"minecraft:torch":5,"minecraft:crafting_table":2,"minecraft:bread":5,"indrev:copper_pickaxe":65,"minecraft:cobblestone":4,"minecraft:furnace":1}},"DataVersion":3465}