{"stats":{"minecraft:mined":{"create:zinc_ore":8,"techreborn:sapphire_ore":5,"minecraft:spruce_planks":1,"minecraft:glow_lichen":1,"minecraft:granite":1,"minecraft:grass_block":3,"twigs:twig":1,"modern_industrialization:lignite_coal_ore":1,"techreborn:bauxite_ore":2,"techreborn:lead_ore":28,"treechop:chopped_log":1,"regions_unexplored:frozen_grass":1,"twigs:bronzed_seashell":4,"bewitchment:salt_ore":2,"regions_unexplored:medium_grass":2,"minecraft:stone":28,"twigs:opaline_seashell":1,"regions_unexplored:orange_coneflower":1,"twigs:pebble":1,"promenade:blunite":1,"minecraft:crafting_table":2,"twigs:roseate_seashell":3,"minecraft:campfire":1,"minecraft:copper_ore":20,"minecraft:cobblestone":1,"minecraft:lapis_ore":1,"frostiful:icicle":2,"minecraft:wall_torch":3,"techreborn:tin_ore":5,"techreborn:silver_ore":5,"twigs:tangerine_seashell":3,"minecraft:ice":1,"modern_industrialization:antimony_ore":1,"minecraft:spruce_log":2,"minecraft:coal_ore":13,"techreborn:galena_ore":6,"minecraft:sand":2,"soulsweapons:verglas_ore":1},"minecraft:crafted":{"indrev:copper_chestplate":2,"indrev:copper_pickaxe":1,"minecraft:furnace":1,"minecraft:glass":1,"techreborn:peridot_sword":1,"minecraft:stone_pickaxe":1,"indrev:copper_helmet":2,"minecraft:crafting_table":1,"minecraft:spruce_planks":28,"minecraft:wooden_pickaxe":1,"fishofthieves:cooked_pondie":1,"minecraft:copper_ingot":54,"indrev:copper_leggings":2,"minecraft:air":0,"minecraft:stick":16,"indrev:copper_boots":2,"indrev:copper_sword":1,"minecraft:torch":12},"minecraft:killed":{"graveyard:revenant":2,"minecraft:spider":4,"bewitchment:ghost":1,"creeperoverhaul:snowy_creeper":1,"minecraft:skeleton":2,"minecraft:chicken":2,"minecraft:piglin_brute":1,"graveyard:ghoul":2,"mythicmobs:drake":1,"minecraft:zombie":6,"minecraft:player":1,"minecraft:cow":2},"minecraft:killed_by":{"minecraft:player":1,"graveyard:ghoul":1,"minecraft:skeleton":1},"minecraft:picked_up":{"minecraft:wooden_axe":1,"techreborn:raw_tin":5,"minecraft:charcoal":2,"minecraft:crafting_table":2,"modern_industrialization:lignite_coal":6,"minecraft:chicken":2,"twigs:roseate_seashell":3,"minecraft:brown_mushroom":6,"croptopia:calamari":1,"promenade:blunite":1,"minecraft:string":2,"minecraft:raw_copper":74,"twigs:opaline_seashell":2,"techreborn:galena_ore":6,"graveyard:corruption":2,"techreborn:raw_silver":5,"minecraft:gold_nugget":1,"twigs:pebble":2,"minecraft:spruce_planks":24,"minecraft:beef":4,"minecraft:stick":10,"minecraft:torch":15,"minecraft:arrow":2,"minecraft:rotten_flesh":9,"indrev:copper_pickaxe":2,"icarus:purple_dragon_wings":1,"minecraft:hay_block":1,"paladins:golden_mace":1,"twigs:tangerine_seashell":3,"minecraft:white_wool":1,"minecraft:cobblestone":31,"modern_industrialization:raw_antimony":1,"minecraft:salmon":1,"minecraft:red_mushroom":12,"create:raw_zinc":8,"adventurez:gilded_blackstone_shard":1,"minecraft:golden_boots":1,"minecraft:lapis_lazuli":9,"minecraft:dirt":3,"fishofthieves:wildsplash":1,"minecraft:glass":1,"minecraft:bone":9,"minecraft:wheat_seeds":1,"minecraft:stone_pickaxe":1,"twigs:twig":5,"techreborn:raw_lead":28,"minecraft:sand":1,"twigs:bronzed_seashell":4,"bewitchment:salt":3,"justhammers:stone_hammer":1,"minecraft:spruce_sapling":2,"minecraft:spruce_log":7,"techreborn:sapphire_gem":8,"techreborn:rubber_sapling":2,"minecraft:spider_eye":1,"techreborn:bauxite_ore":2,"techreborn:peridot_gem":3,"beachparty:rubber_ring_pelican":1,"minecraft:granite":3,"techreborn:electronic_circuit":2,"soulsweapons:verglas":1,"minecraft:spruce_sign":4,"minecraft:bread":3,"bewitchment:ectoplasm":2,"minecraft:coal":13},"minecraft:custom":{"minecraft:mob_kills":25,"minecraft:interact_with_crafting_table":25,"minecraft:leave_game":6,"minecraft:time_since_death":943,"minecraft:damage_resisted":0,"minecraft:sprint_one_cm":145972,"minecraft:walk_one_cm":293580,"minecraft:damage_blocked_by_shield":180,"minecraft:drop":114,"minecraft:play_time":168361,"minecraft:deaths":5,"minecraft:sneak_time":1227,"minecraft:walk_under_water_one_cm":11579,"minecraft:boat_one_cm":46535,"minecraft:jump":1272,"minecraft:walk_on_water_one_cm":22178,"minecraft:total_world_time":168361,"minecraft:interact_with_furnace":28,"minecraft:interact_with_grindstone":1,"minecraft:hex":0,"minecraft:time_since_rest":974,"minecraft:damage_taken":2338,"minecraft:damage_dealt":5846,"minecraft:swim_one_cm":15703,"minecraft:fly_one_cm":292983,"minecraft:player_kills":1,"minecraft:crouch_one_cm":2872,"minecraft:aviate_one_cm":1014107,"minecraft:fall_one_cm":30629},"minecraft:dropped":{"indrev:copper_leggings":1,"minecraft:wheat_seeds":1,"techreborn:raw_lead":28,"minecraft:granite":3,"techreborn:bauxite_ore":2,"minecraft:copper_ingot":1,"techreborn:rubber_sapling":2,"indrev:copper_boots":1,"graveyard:corruption":1,"twigs:pebble":2,"paladins:golden_mace":1,"minecraft:dirt":3,"techreborn:galena_ore":6,"techreborn:raw_tin":5,"minecraft:torch":12,"minecraft:wooden_axe":1,"twigs:bronzed_seashell":1,"minecraft:string":1,"twigs:opaline_seashell":1,"create:raw_zinc":8,"twigs:twig":5,"minecraft:spruce_sapling":2,"minecraft:bone":9,"indrev:copper_chestplate":1,"bewitchment:salt":3,"minecraft:stone_sword":1,"twigs:roseate_seashell":1,"indrev:copper_pickaxe":2,"icarus:purple_dragon_wings":1,"twigs:tangerine_seashell":1,"justhammers:stone_hammer":1,"minecraft:hay_block":1,"techreborn:raw_silver":5,"minecraft:spruce_planks":6,"indrev:copper_helmet":1,"promenade:blunite":1,"bewitchment:ectoplasm":2,"modern_industrialization:lignite_coal":6,"modern_industrialization:raw_antimony":1,"minecraft:arrow":2,"minecraft:stone_pickaxe":2,"minecraft:glass":2,"minecraft:wooden_pickaxe":1,"minecraft:golden_boots":1},"minecraft:used":{"minecraft:stone_sword":11,"croptopia:calamari":1,"minecraft:spruce_planks":12,"minecraft:shield":5,"minecraft:rotten_flesh":1,"minecraft:torch":15,"paladins:golden_mace":3,"twigs:tangerine_seashell":2,"fishofthieves:cooked_pondie":1,"minecraft:beef":4,"minecraft:furnace":1,"minecraft:stone_pickaxe":52,"minecraft:wooden_pickaxe":8,"minecraft:salmon":1,"minecraft:crafting_table":3,"indrev:copper_sword":186,"minecraft:spider_eye":1,"techreborn:peridot_sword":32,"minecraft:chicken":2,"minecraft:bread":15,"fishofthieves:wildsplash":1,"indrev:copper_pickaxe":77,"twigs:bronzed_seashell":29,"minecraft:cobblestone":4,"twigs:opaline_seashell":1}},"DataVersion":3465}