{"stats":{"minecraft:mined":{"twigs:pebble":1,"minecraft:spruce_log":2,"treechop:chopped_log":1,"minecraft:crafting_table":2,"minecraft:coal_ore":2,"twigs:roseate_seashell":1,"bewitchment:salt_ore":1,"minecraft:sand":1,"minecraft:stone":4},"minecraft:crafted":{"minecraft:crafting_table":1,"minecraft:spruce_planks":28,"minecraft:stick":8,"minecraft:wooden_pickaxe":1,"minecraft:stone_pickaxe":1},"minecraft:killed":{"creeperoverhaul:snowy_creeper":1,"minecraft:skeleton":1},"minecraft:picked_up":{"minecraft:stick":10,"minecraft:crafting_table":2,"twigs:roseate_seashell":1,"minecraft:sand":1,"bewitchment:salt":1,"minecraft:spruce_sapling":2,"minecraft:spruce_log":7,"minecraft:spruce_planks":17,"twigs:pebble":1,"twigs:twig":2,"minecraft:coal":2,"minecraft:white_wool":1,"minecraft:cobblestone":5},"minecraft:custom":{"minecraft:time_since_rest":13233,"minecraft:sprint_one_cm":22670,"minecraft:damage_taken":230,"minecraft:walk_one_cm":20596,"minecraft:mob_kills":2,"minecraft:damage_dealt":363,"minecraft:swim_one_cm":5254,"minecraft:interact_with_crafting_table":4,"minecraft:fly_one_cm":53273,"minecraft:crouch_one_cm":373,"minecraft:play_time":13233,"minecraft:sneak_time":169,"minecraft:walk_under_water_one_cm":1749,"minecraft:jump":181,"minecraft:time_since_death":13233,"minecraft:walk_on_water_one_cm":3067,"minecraft:total_world_time":13233,"minecraft:hex":0,"minecraft:fall_one_cm":3919},"minecraft:used":{"minecraft:stone_sword":11,"minecraft:bread":3,"minecraft:stone_pickaxe":1,"minecraft:spruce_planks":3,"minecraft:wooden_pickaxe":8,"minecraft:crafting_table":2}},"DataVersion":3465}