{"stats":{"minecraft:mined":{"twigs:pebble":1,"minecraft:spruce_log":2,"treechop:chopped_log":1,"minecraft:crafting_table":2,"minecraft:coal_ore":13,"twigs:roseate_seashell":1,"bewitchment:salt_ore":1,"minecraft:sand":1,"minecraft:cobblestone":1,"minecraft:copper_ore":20,"minecraft:stone":21,"minecraft:wall_torch":2},"minecraft:crafted":{"minecraft:glass":1,"indrev:copper_chestplate":1,"minecraft:crafting_table":1,"minecraft:spruce_planks":28,"minecraft:stick":8,"indrev:copper_boots":1,"minecraft:wooden_pickaxe":1,"minecraft:stone_pickaxe":1,"minecraft:furnace":1,"minecraft:copper_ingot":31,"minecraft:torch":12,"indrev:copper_helmet":2,"minecraft:air":0},"minecraft:killed":{"creeperoverhaul:snowy_creeper":1,"minecraft:skeleton":1},"minecraft:picked_up":{"minecraft:stick":10,"minecraft:crafting_table":2,"twigs:roseate_seashell":1,"minecraft:torch":2,"minecraft:sand":1,"justhammers:stone_hammer":1,"bewitchment:salt":1,"minecraft:spruce_sapling":2,"minecraft:spruce_log":7,"minecraft:raw_copper":74,"minecraft:spruce_planks":17,"twigs:pebble":1,"minecraft:stone_pickaxe":1,"twigs:twig":2,"minecraft:coal":13,"minecraft:white_wool":1,"minecraft:cobblestone":24},"minecraft:dropped":{"justhammers:stone_hammer":1,"minecraft:torch":1,"minecraft:stone_pickaxe":1},"minecraft:custom":{"minecraft:time_since_rest":25233,"minecraft:interact_with_furnace":16,"minecraft:sprint_one_cm":23785,"minecraft:damage_taken":254,"minecraft:walk_one_cm":32098,"minecraft:mob_kills":2,"minecraft:drop":3,"minecraft:damage_dealt":363,"minecraft:swim_one_cm":5254,"minecraft:interact_with_crafting_table":13,"minecraft:fly_one_cm":54327,"minecraft:crouch_one_cm":717,"minecraft:play_time":25233,"minecraft:sneak_time":350,"minecraft:walk_under_water_one_cm":2052,"minecraft:jump":217,"minecraft:time_since_death":25233,"minecraft:walk_on_water_one_cm":4892,"minecraft:total_world_time":25233,"minecraft:hex":0,"minecraft:fall_one_cm":4608},"minecraft:used":{"minecraft:stone_sword":11,"minecraft:bread":3,"minecraft:stone_pickaxe":52,"minecraft:spruce_planks":7,"minecraft:wooden_pickaxe":8,"minecraft:torch":2,"minecraft:cobblestone":4,"minecraft:crafting_table":2,"minecraft:furnace":1}},"DataVersion":3465}