{"stats":{"minecraft:broken":{"minecraft:stone_pickaxe":1},"minecraft:mined":{"twigs:pebble":1,"minecraft:basalt":4,"minecraft:carved_pumpkin":1,"minecraft:crafting_table":1,"minecraft:grass_block":2,"twigs:twig":1,"minecraft:copper_ore":8,"minecraft:spruce_leaves":1,"minecraft:diorite":1,"minecraft:gilded_blackstone":6,"minecraft:hay_block":1,"minecraft:magma_block":50,"twigs:tangerine_seashell":2,"modern_industrialization:antimony_ore":2,"minecraft:spruce_log":3,"minecraft:andesite":7,"treechop:chopped_log":3,"minecraft:oak_log":1,"minecraft:dirt":2,"minecraft:stone":2,"ad_astra:sky_stone":4,"twigs:opaline_seashell":1},"minecraft:crafted":{"minecraft:crafting_table":2,"minecraft:spruce_planks":24,"minecraft:wooden_pickaxe":1,"minecraft:stick":8,"minecraft:stone_pickaxe":1,"minecraft:wooden_axe":1},"minecraft:killed":{"promenade:duck":1,"minecraft:rabbit":3,"minecraft:spider":1,"bewitchment:ghost":1,"creeperoverhaul:snowy_creeper":1,"minecraft:skeleton":1,"minecraft:zombie":2,"minecraft:cow":1},"minecraft:picked_up":{"minecraft:wooden_axe":2,"minecraft:crafting_table":1,"minecraft:magma_block":48,"modern_industrialization:raw_antimony":2,"minecraft:basalt":4,"minecraft:andesite":6,"minecraft:leather":1,"minecraft:gilded_blackstone":5,"minecraft:oak_log":2,"minecraft:golden_boots":1,"ad_astra:sky_stone":4,"minecraft:string":4,"minecraft:dirt":4,"minecraft:raw_copper":27,"minecraft:bone":1,"minecraft:gold_nugget":4,"minecraft:rabbit_hide":1,"twigs:pebble":1,"minecraft:beef":6,"minecraft:rabbit":3,"twigs:twig":3,"promenade:duck":1,"twigs:bronzed_seashell":1,"minecraft:spruce_sapling":6,"minecraft:diorite":1,"minecraft:spruce_log":15,"minecraft:spider_eye":1,"minecraft:arrow":1,"minecraft:rotten_flesh":1,"minecraft:hay_block":1,"minecraft:carved_pumpkin":1,"minecraft:bread":2,"paladins:golden_mace":1,"twigs:tangerine_seashell":2,"minecraft:cobblestone":1},"minecraft:custom":{"minecraft:mob_kills":12,"minecraft:interact_with_crafting_table":6,"minecraft:leave_game":1,"minecraft:time_since_death":15166,"minecraft:hex":0,"minecraft:time_since_rest":15218,"minecraft:sprint_one_cm":100571,"minecraft:damage_taken":950,"minecraft:walk_one_cm":127106,"minecraft:damage_blocked_by_shield":165,"minecraft:drop":8,"minecraft:damage_dealt":1359,"minecraft:fly_one_cm":37520,"minecraft:crouch_one_cm":676,"minecraft:play_time":39257,"minecraft:deaths":1,"minecraft:sneak_time":415,"minecraft:walk_under_water_one_cm":1563,"minecraft:jump":305,"minecraft:walk_on_water_one_cm":5487,"minecraft:total_world_time":39257,"minecraft:fall_one_cm":6208},"minecraft:dropped":{"minecraft:bread":5,"twigs:pebble":1,"minecraft:wooden_axe":2},"minecraft:used":{"minecraft:stone_sword":32,"minecraft:stone_pickaxe":91,"minecraft:shield":4,"minecraft:wooden_pickaxe":4,"minecraft:crafting_table":3,"minecraft:wooden_axe":23,"paladins:golden_mace":3,"minecraft:bread":9,"minecraft:basalt":4,"twigs:bronzed_seashell":4}},"DataVersion":3465}