{"stats":{"minecraft:mined":{"twigs:pebble":1,"twigs:tangerine_seashell":2,"minecraft:spruce_log":3,"treechop:chopped_log":3,"minecraft:crafting_table":1,"minecraft:oak_log":1,"minecraft:spruce_leaves":1},"minecraft:crafted":{"minecraft:crafting_table":1,"minecraft:spruce_planks":24,"minecraft:stick":4,"minecraft:wooden_pickaxe":1,"minecraft:wooden_axe":1},"minecraft:killed":{"minecraft:skeleton":1,"minecraft:zombie":1,"minecraft:rabbit":3,"minecraft:spider":1,"bewitchment:ghost":1},"minecraft:picked_up":{"minecraft:wooden_axe":2,"minecraft:crafting_table":1,"twigs:bronzed_seashell":1,"minecraft:oak_log":2,"minecraft:spruce_sapling":6,"minecraft:golden_boots":1,"minecraft:spruce_log":15,"minecraft:spider_eye":1,"minecraft:string":4,"minecraft:bone":1,"minecraft:arrow":1,"twigs:pebble":1,"minecraft:rabbit_hide":1,"paladins:golden_mace":1,"minecraft:bread":2,"minecraft:rabbit":3,"twigs:twig":2,"twigs:tangerine_seashell":2},"minecraft:custom":{"minecraft:time_since_rest":140,"minecraft:sprint_one_cm":64408,"minecraft:damage_taken":600,"minecraft:walk_one_cm":77108,"minecraft:damage_blocked_by_shield":165,"minecraft:mob_kills":7,"minecraft:drop":8,"minecraft:damage_dealt":853,"minecraft:interact_with_crafting_table":5,"minecraft:fly_one_cm":20204,"minecraft:deaths":1,"minecraft:crouch_one_cm":57,"minecraft:play_time":24179,"minecraft:sneak_time":98,"minecraft:walk_under_water_one_cm":309,"minecraft:jump":105,"minecraft:walk_on_water_one_cm":774,"minecraft:time_since_death":88,"minecraft:total_world_time":24179,"minecraft:hex":0,"minecraft:fall_one_cm":3129},"minecraft:dropped":{"twigs:pebble":1,"minecraft:bread":5,"minecraft:wooden_axe":2},"minecraft:used":{"minecraft:wooden_axe":23,"minecraft:stone_sword":21,"minecraft:bread":7,"minecraft:wooden_pickaxe":1,"minecraft:shield":4,"twigs:bronzed_seashell":3,"minecraft:crafting_table":2}},"DataVersion":3465}