{"stats":{"minecraft:mined":{"minecraft:spruce_log":2,"treechop:chopped_log":2,"minecraft:crafting_table":1},"minecraft:crafted":{"minecraft:crafting_table":1,"minecraft:spruce_planks":24,"minecraft:stick":4,"minecraft:wooden_pickaxe":1,"minecraft:wooden_axe":1},"minecraft:killed":{"minecraft:rabbit":3},"minecraft:picked_up":{"minecraft:crafting_table":1,"minecraft:rabbit_hide":1,"twigs:bronzed_seashell":1,"minecraft:spruce_sapling":5,"minecraft:rabbit":3,"minecraft:spruce_log":13,"twigs:twig":2},"minecraft:dropped":{"minecraft:bread":3},"minecraft:custom":{"minecraft:time_since_rest":12179,"minecraft:play_time":12179,"minecraft:sprint_one_cm":24885,"minecraft:damage_taken":80,"minecraft:walk_one_cm":27499,"minecraft:sneak_time":53,"minecraft:mob_kills":3,"minecraft:drop":3,"minecraft:jump":40,"minecraft:damage_dealt":90,"minecraft:time_since_death":12179,"minecraft:total_world_time":12179,"minecraft:hex":0,"minecraft:interact_with_crafting_table":4,"minecraft:fall_one_cm":2175,"minecraft:fly_one_cm":6007},"minecraft:used":{"minecraft:wooden_axe":11,"twigs:bronzed_seashell":1,"minecraft:stone_sword":1,"minecraft:crafting_table":1,"minecraft:bread":2}},"DataVersion":3465}